{"cameraMode":{"drawMode":0,"name":"Shaded","section":"Shading Mode"},"sceneLighting":true,"audioPlay":false,"sceneViewState":{"showFog":true,"showMaterialUpdate":false,"showSkybox":true,"showFlares":true,"showImageEffects":true,"showParticleSystems":true},"in2DMode":false,"pivot":{"x":-9.239465713500977,"y":3.56982421875,"z":-11.455078125},"rotation":{"x":0.022498106583952905,"y":0.0014996154932305217,"z":-0.00003374285370227881,"w":0.999745786190033},"size":4.814309120178223,"orthographic":true}